bin,TP,FN,FP,TN,precision,recall,bin_size,bin_min,bin_max,time_s,K,tool,sw_version,min_version,p,l,clmn,tag_size,map_size_G,kmer_cnt,kmer_l_0,kmer_l_1,kmers_included,prct_included
0,1.0,0.0,0.04315328423357884,0.9568467157664211,0.958631885758492,1.0,10,0.0,0.0,0.0,15,us,17.3,2.0,4.0,2,7,2,0.0,0.0,0.0,0.0,0.0,0.0
1,0.9475190996138042,0.052480900386195746,0.04315328423357884,0.9568467157664211,0.9564404086182474,0.9475190996138042,43,0.00014350299999999998,0.049462599999999995,0.0,15,us,17.3,2.0,4.0,2,7,2,0.0,0.0,0.0,0.0,0.0,0.0
2,0.7763392761983559,0.22366072380164415,0.04315328423357884,0.9568467157664211,0.9473414569976891,0.7763392761983559,19,0.05767100000000001,0.145727,0.0,15,us,17.3,2.0,4.0,2,7,2,0.0,0.0,0.0,0.0,0.0,0.0
3,0.42071613171345906,0.5792838682865409,0.04315328423357884,0.9568467157664211,0.9069710510112488,0.42071613171345906,17,0.156619,0.243761,0.0,15,us,17.3,2.0,4.0,2,7,2,0.0,0.0,0.0,0.0,0.0,0.0
4,0.1842583644224636,0.8157416355775364,0.04315328423357884,0.9568467157664211,0.8102415400063886,0.1842583644224636,21,0.263022,1.0,0.0,15,us,17.3,2.0,4.0,2,7,2,0.0,0.0,0.0,0.0,0.0,0.0
