bin,TP,FN,FP,TN,precision,recall,bin_size,bin_min,bin_max,time_s,K,tool,sw_version,min_version,p,l,clmn,tag_size,map_size_G,kmer_cnt,kmer_l_0,kmer_l_1,kmers_included,prct_included
0,0.9940285298573507,0.005971470142649287,0.005389473052634737,0.9946105269473652,0.9946073884631432,0.9940285298573507,10,0.0,0.0,0.0,0.0,clark,0.0,0.0,0.0,0.0,0.0,0.0,0.0,0.0,0.0,0.0,0.0,0.0
1,0.9143078703211135,0.0856921296788865,0.005389473052634737,0.9946105269473652,0.9941399493089059,0.9143078703211135,43,0.00014350299999999998,0.049462599999999995,0.0,0.0,clark,0.0,0.0,0.0,0.0,0.0,0.0,0.0,0.0,0.0,0.0,0.0,0.0
2,0.4150242406682703,0.5849757593317296,0.005389473052634737,0.9946105269473652,0.9871805488813987,0.4150242406682703,19,0.05767100000000001,0.145727,0.0,0.0,clark,0.0,0.0,0.0,0.0,0.0,0.0,0.0,0.0,0.0,0.0,0.0,0.0
3,0.10886769095566287,0.8911323090443372,0.005389473052634737,0.9946105269473652,0.9528303271010355,0.10886769095566287,17,0.156619,0.243761,0.0,0.0,clark,0.0,0.0,0.0,0.0,0.0,0.0,0.0,0.0,0.0,0.0,0.0,0.0
4,0.023449882750586248,0.9765501172494138,0.005389473052634737,0.9946105269473652,0.8131208932193692,0.023449882750586248,21,0.263022,1.0,0.0,0.0,clark,0.0,0.0,0.0,0.0,0.0,0.0,0.0,0.0,0.0,0.0,0.0,0.0
